Technology,Feedstock,Temperature_C,Temperature_K,Pressure_bar,Pressure_MPa,Reaction_Time_min,H2_Yield_mol_kg,H2_Yield_mmol_g,H2_Yield_percent,CO_Yield_mol_kg,CO_Yield_mmol_g,CO_Yield_percent,CO2_Yield_mol_kg,CO2_Yield_mmol_g,CH4_Yield_mol_kg,CH4_Yield_mmol_g,Total_Gas_Yield_mol_kg,Total_Gas_Yield_mmol_g,Total_Gas_Yield_Nm3_kg,Carbon_Conversion_Efficiency_percent,Energy_Conversion_Efficiency_percent,Catalyst,Additional_Conditions,Source_File,Notes
CO2 Gasification,Biomass (unspecified),,,,,,16.32,,,,17.20,,,,,50.24,,,,,No catalyst,Equivalent ratio 1,co2_gasification_carbon_monoxide_yield_20250729_205810.md,Yield at equivalent ratio 1
CO2 Gasification,Biomass (unspecified),,,,,,6.55,,,,6.30,,,,,23.72,,,,,No catalyst,Equivalent ratio 0,co2_gasification_carbon_monoxide_yield_20250729_205810.md,Initial yield at equivalent ratio 0
SCWG,Biomass (unspecified),,,,,,19.41,,,,17.20,,,,,,,,,,,Catalyst added,Supercritical CO2 atmosphere,co2_gasification_hydrogen_yield_20250728_172758.md,26.79% increase with catalyst
SCWG,Biomass (unspecified),,,,,,12.32,,,,10.65,,,,,,,,,,,No catalyst,Supercritical CO2 atmosphere,co2_gasification_hydrogen_yield_20250728_172758.md,Without catalyst baseline
Hydrothermal Gasification,Xylose,600,,21,,60,18,,,,,,,,,,,,,,,10% w/w K2CO3,SCWG conditions,co2_gasification_hydrogen_yield_20250728_172758.md,With K2CO3 catalyst
Hydrothermal Gasification,Xylose,600,,21,,60,15,,,,,,,,,,,,,,,No catalyst,SCWG conditions,co2_gasification_hydrogen_yield_20250728_172758.md,Without catalyst
Plasma Gasification,Biomass,,,,,,,,,48.31,,,,58.13,,,,,2.42,100,48.83,Not specified,WB ratio 0.97,plasma_gasification_carbon_monoxide_yield_20250729_185312.md,Producer gas yield 2.42 Nm3/kg biomass
Plasma Gasification,FFP2 plastic feedstock,,,,,,,,,,,,,,,,,,1.77,,,,CO2-to-C ratio 1.26,plasma_gasification_carbon_monoxide_yield_20250729_190600.md,Lower syngas yield
Plasma Gasification,FFP2 plastic feedstock,,,,,,,,,,,,,,,,,,3.13,,,,CO2-to-C ratio 2.34,plasma_gasification_carbon_monoxide_yield_20250729_190600.md,Higher syngas yield
Plasma Gasification,FFP2 plastic feedstock,,,,,,,,,55.84,,,,,,,,,,,,,Not specified,CO2-to-C ratio 2.34,plasma_gasification_carbon_monoxide_yield_20250729_190600.md,Highest CO yield vol%
Plasma Gasification,Wood Pellets,,,,,,,,,51.7,,,,,,,,,,,,,Not specified,,plasma_gasification_carbon_monoxide_yield_20250729_190600.md,Volume percentage
Plasma Gasification,Wood Sawdust,,,,,,,,,50.9,,,,,,,,,,,,,Not specified,,plasma_gasification_carbon_monoxide_yield_20250729_190600.md,Volume percentage
Plasma Gasification,Plastics,,,,,,,,,49.7,,,,,,,,,,,,,Not specified,,plasma_gasification_carbon_monoxide_yield_20250729_190600.md,Volume percentage
Plasma Gasification,Coal,,,,,,,,,52,,,,,,,,,,,,,Not specified,,plasma_gasification_carbon_monoxide_yield_20250729_190600.md,Volume percentage
Plasma Gasification,Oil,,,,,,,,,30.2,,,,,,,,,,,,,Not specified,,plasma_gasification_carbon_monoxide_yield_20250729_190600.md,Volume percentage
Plasma Gasification,RDF,,,,,,,,,29,,,,,,,,,,,,,Not specified,,plasma_gasification_carbon_monoxide_yield_20250729_190600.md,Volume percentage
Plasma Gasification,MSW,,,,,,,,,29,,,,,,,,,,,,,Not specified,,plasma_gasification_carbon_monoxide_yield_20250729_190600.md,Volume percentage (lower range)
Plasma Gasification,MSW,,,,,,,,,43,,,,,,,,,,,,,Not specified,,plasma_gasification_carbon_monoxide_yield_20250729_190600.md,Volume percentage (higher range)
Plasma Gasification,HDPE,,,,,,,,,36.51,,,,,,,,,,,,,Not specified,,plasma_gasification_carbon_monoxide_yield_20250729_190600.md,Volume percentage
Plasma Gasification,C7H8,,,,,,,,,48.6,,,,,,,,,,,,,Arc discharge,,plasma_gasification_hydrogen_yield_20250728_173035.md,Toluene feedstock
Plasma Gasification,NH3,,,,,,,,,34.8,,,,,,,,,,,,,Arc discharge,,plasma_gasification_hydrogen_yield_20250728_173035.md,Ammonia feedstock
Plasma Gasification,C2H6O,,,,,,,,,40.9,,,,,,,,,,,,,Arc discharge,,plasma_gasification_hydrogen_yield_20250728_173035.md,Ethanol feedstock
Plasma Gasification,C7H16,,,,,,,,,34,,,,,,,,,,,,,Arc discharge,,plasma_gasification_hydrogen_yield_20250728_173035.md,Heptane (lower range)
Plasma Gasification,C7H16,,,,,,,,,53,,,,,,,,,,,,,Arc discharge,,plasma_gasification_hydrogen_yield_20250728_173035.md,Heptane (higher range)
Plasma Gasification,C2H6O,,,,,,,,,58.1,,,,,,,,,,,,,Microwave discharge,,plasma_gasification_hydrogen_yield_20250728_173035.md,Ethanol with microwave
Plasma Gasification,CH4,,,,,,,,,74.0,,,,,,,,,,,,,Microwave discharge,,plasma_gasification_hydrogen_yield_20250728_173035.md,Methane highest yield
Plasma Gasification,CH4,,,,,,,,,9.5,,,,,,,,,,,,,Microwave discharge,,plasma_gasification_hydrogen_yield_20250728_173035.md,Methane different conditions
Plasma Gasification,NH3,,,,,,,,,54.4,,,,,,,,,,,,,Microwave discharge,,plasma_gasification_hydrogen_yield_20250728_173035.md,Ammonia with microwave
Plasma Gasification,NH3,,,,,,,,,15.1,,,,,,,,,,,,,Dielectric barrier discharge,,plasma_gasification_hydrogen_yield_20250728_173035.md,Ammonia with DBD
Plasma Gasification,NH3,,,,,,,,,99.9,,,,,,,,,,,,,Dielectric barrier discharge,,plasma_gasification_hydrogen_yield_20250728_173035.md,Ammonia highest yield
SCWG,Glucose,,873-1273,220-260,,,19.41,,,,17.2,,,,,,,,,,,Catalyst,Temperature range study,scw_gasification_carbon_monoxide_yield_20250729_210014.md,With catalyst addition
SCWG,Wood sawdust,,,,,,,88.623,,,,,,,,,,,,,,,,Not specified,,scw_gasification_carbon_monoxide_yield_20250729_210014.md,mol/kg dry biomass
SCWG,Energy Sugarcane biomass,,1273.15,220,,,1.23,,,,,,,,,,,,,,,Not specified,69% biomass fed,scw_gasification_hydrogen_yield_20250729_182551.md,Moles H2 produced
SCWG,Bagasse,850,,,,30,,,35.6,,,,,,,,,,,,,,C2-C4 catalysts,Microemulsion technique,scw_gasification_hydrogen_yield_20250729_182551.md,Total gas yield mmol/g
SCWG,Glucose,450-560,,,25,,,,,,,,,,,,,,,,,0.1 wt% KOH,Feed 0.25-2 wt%,scw_gasification_hydrogen_yield_20250729_182551.md,H2 efficiency 112.74%
SCWG,Xylose,600,,21,,60,18,,,,,,,,,,,,,,,10% w/w K2CO3,SCWG conditions,scw_gasification_hydrogen_yield_20250729_182551.md,With catalyst
SCWG,Xylose,600,,21,,60,15,,,,,,,,,,,,,,,No catalyst,SCWG conditions,scw_gasification_hydrogen_yield_20250729_182551.md,Without catalyst
Steam Gasification,Energy Sugarcane biomass,,1273.15,220,,,,,,,0.96,,,,,,,,,,,Not specified,69% biomass composition,steam_gasification_carbon_monoxide_yield_20250729_185436.md,Highest CO formation
Steam Gasification,Coffee Husk Biochar,,1273.15,220,,,,,,,0.86,,,,,,,,,,,Not specified,Same conditions,steam_gasification_carbon_monoxide_yield_20250729_185436.md,Biochar feedstock
Steam Gasification,Eucalyptus Biochar,,1273.15,220,,,,,,,0.85,,,,,,,,,,,Not specified,Same conditions,steam_gasification_carbon_monoxide_yield_20250729_185436.md,Biochar feedstock
Steam Gasification,RDF,,1273.15,220,,,,,,,0.85,,,,,,,,,,,Not specified,Same conditions,steam_gasification_carbon_monoxide_yield_20250729_185436.md,Refuse Derived Fuel
Steam Gasification,Bagasse,850,,,,,,,7.5,,,,,,,,,,,,,Not specified,Atmospheric pressure,steam_gasification_carbon_monoxide_yield_20250729_185436.md,mmol/g bagasse
Steam Gasification,Corncob,650,,,,,61.2,,,,,,,,,,84.5,,,,,Not specified,Steam reforming,steam_gasification_carbon_monoxide_yield_20250729_210335.md,Total gas yield mmol/g
Steam Gasification,Corncob,650,,,,,61.2,,,,,,,,,,84.5,,,,,Ni-exchanged resin char,Steam reforming process,steam_gasification_hydrogen_yield_20250728_172453.md,37 mmol/g more H2 than non-steam
Steam Gasification,Waste Wood,600,,,,,10.5,,,,,,,,,,,,,,Not specified,Lower temperature,steam_gasification_hydrogen_yield_20250728_172453.md,Lower end of range
Steam Gasification,Waste Wood,800,,,,,27.52,,,,,,,,,,,,,,Not specified,Higher temperature,steam_gasification_hydrogen_yield_20250728_172453.md,Higher end of range
Steam Gasification,Xylose,600,,21,,60,18,,,,,,,,,,,,,,,10% w/w K2CO3,Hydrothermal gasification,steam_gasification_hydrogen_yield_20250728_172453.md,mol H2/kg
Steam Gasification,Sewage Sludge,750,,,,,30,,,,,,,,,,,,,,,Not specified,30 min reaction time,steam_gasification_hydrogen_yield_20250728_172453.md,H2 yield not specified
Steam Gasification,Bagasse,,,,,,,25.35,,,,,,,,,,,,,,Not specified,Steam gasification,steam_gasification_hydrogen_yield_20250728_172453.md,mmol/g yield
